id,created_at,email,name,country,gender,education,school,dob,age
1,2024-03-14 01:51:29,user1@example.com,User 1,South Africa,Female,Master,Opoku Ware School,1955-01-30,69
2,2024-01-12 01:51:29,user2@example.com,User 2,South Africa,Male,Master,Mfantsipim School,2002-01-13,22
3,2024-01-27 01:51:29,user3@example.com,User 3,Ghana,Female,Bachelor,Adisadel College,1984-04-20,40
4,2023-11-11 01:51:29,user4@example.com,User 4,Ghana,Female,High School,Prempeh College,1982-10-24,41
5,2024-01-09 01:51:29,user5@example.com,User 5,Kenya,Female,High School,Holy Child School,1982-04-16,42
6,2024-07-19 01:51:29,user6@example.com,User 6,Rwanda,Female,Bachelor,Adisadel College,1992-04-08,32
7,2023-12-15 01:51:29,user7@example.com,User 7,South Africa,Female,High School,Achimota School,1958-08-30,66
8,2024-08-28 01:51:29,user8@example.com,User 8,Uganda,Female,Bachelor,Wesley Girls High School,1993-05-31,31
9,2024-06-09 01:51:29,user9@example.com,User 9,Uganda,Male,High School,St. James Seminary,1978-02-23,46
10,2024-09-04 01:51:29,user10@example.com,User 10,South Africa,Female,High School,Wesley Girls High School,1971-11-07,52
11,2024-06-22 01:51:29,user11@example.com,User 11,South Africa,Female,High School,St. Augustine's College,1983-01-20,41
12,2023-12-06 01:51:29,user12@example.com,User 12,Ghana,Female,Master,Adisadel College,1984-12-31,39
13,2023-11-25 01:51:29,user13@example.com,User 13,Kenya,Female,PhD,Prempeh College,1989-07-23,35
14,2023-10-11 01:51:29,user14@example.com,User 14,Nigeria,Male,Bachelor,Wesley Girls High School,1974-10-26,49
15,2024-06-09 01:51:29,user15@example.com,User 15,Ghana,Female,High School,Adisadel College,1996-07-22,28
16,2024-04-16 01:51:29,user16@example.com,User 16,Tanzania,Female,Bachelor,Presec Legon,1998-03-02,26
17,2023-11-18 01:51:29,user17@example.com,User 17,Tanzania,Male,Bachelor,St. Augustine's College,1993-09-26,31
18,2023-12-09 01:51:29,user18@example.com,User 18,Uganda,Female,High School,Prempeh College,1959-02-05,65
19,2023-10-01 01:51:29,user19@example.com,User 19,Tanzania,Male,Master,Mfantsipim School,1987-08-13,37
20,2023-11-23 01:51:29,user20@example.com,User 20,Ghana,Male,PhD,Presec Legon,1979-05-09,45
21,2024-05-22 01:51:29,user21@example.com,User 21,Kenya,Female,Bachelor,Opoku Ware School,1955-07-09,69
22,2024-03-20 01:51:29,user22@example.com,User 22,Ethiopia,Female,Master,Adisadel College,1968-09-30,56
23,2024-07-28 01:51:29,user23@example.com,User 23,South Africa,Female,PhD,Prempeh College,1959-01-30,65
24,2024-04-25 01:51:29,user24@example.com,User 24,Ghana,Female,PhD,Mfantsipim School,1962-06-23,62
25,2024-01-05 01:51:29,user25@example.com,User 25,Ghana,Female,PhD,Opoku Ware School,2004-08-07,20
26,2024-03-20 01:51:29,user26@example.com,User 26,Uganda,Male,PhD,Opoku Ware School,1961-01-03,63
27,2024-04-05 01:51:29,user27@example.com,User 27,South Africa,Female,PhD,St. James Seminary,1960-06-06,64
28,2023-12-17 01:51:29,user28@example.com,User 28,Tanzania,Female,Bachelor,Presec Legon,1984-03-14,40
29,2024-07-14 01:51:29,user29@example.com,User 29,Ghana,Female,Master,St. Augustine's College,1996-09-28,28
30,2023-12-26 01:51:29,user30@example.com,User 30,Tanzania,Female,Master,Mfantsipim School,1998-01-02,26
31,2024-09-13 01:51:29,user31@example.com,User 31,Rwanda,Male,High School,Holy Child School,1986-08-29,38
32,2024-04-04 01:51:29,user32@example.com,User 32,South Africa,Male,PhD,Opoku Ware School,1960-02-14,64
33,2024-08-12 01:51:29,user33@example.com,User 33,Nigeria,Female,PhD,Mfantsipim School,1998-09-22,26
34,2024-02-18 01:51:29,user34@example.com,User 34,Kenya,Female,Master,Achimota School,1963-04-29,61
35,2023-10-01 01:51:29,user35@example.com,User 35,Nigeria,Male,High School,Adisadel College,1992-09-14,32
36,2024-02-10 01:51:29,user36@example.com,User 36,Uganda,Male,PhD,Holy Child School,1983-07-05,41
37,2024-04-20 01:51:29,user37@example.com,User 37,Ghana,Male,Bachelor,St. James Seminary,1955-02-10,69
38,2024-04-06 01:51:29,user38@example.com,User 38,Nigeria,Female,Bachelor,St. Augustine's College,1971-12-23,52
39,2024-04-27 01:51:29,user39@example.com,User 39,Ghana,Male,PhD,Holy Child School,1960-11-09,63
40,2024-03-31 01:51:29,user40@example.com,User 40,Ghana,Male,High School,Prempeh College,1971-04-01,53
41,2024-03-15 01:51:29,user41@example.com,User 41,Rwanda,Female,Master,St. Augustine's College,1957-04-13,67
42,2023-12-25 01:51:29,user42@example.com,User 42,Uganda,Female,Bachelor,Mfantsipim School,1984-10-17,39
43,2024-01-27 01:51:29,user43@example.com,User 43,Ethiopia,Female,Bachelor,St. James Seminary,1998-03-12,26
44,2024-03-04 01:51:29,user44@example.com,User 44,Ethiopia,Male,Master,Presec Legon,1971-10-27,52
45,2024-02-22 01:51:29,user45@example.com,User 45,Tanzania,Male,High School,Presec Legon,1981-02-12,43
46,2024-07-14 01:51:29,user46@example.com,User 46,Ghana,Male,Master,Presec Legon,2002-10-19,21
47,2024-08-26 01:51:29,user47@example.com,User 47,Uganda,Male,High School,Mfantsipim School,1988-05-20,36
48,2023-12-07 01:51:29,user48@example.com,User 48,Rwanda,Female,High School,St. Augustine's College,1988-11-17,35
49,2024-03-14 01:51:29,user49@example.com,User 49,Ethiopia,Male,Master,Presec Legon,2002-05-28,22
50,2024-03-21 01:51:29,user50@example.com,User 50,Nigeria,Female,High School,Presec Legon,1978-08-26,46
51,2024-09-19 01:51:29,user51@example.com,User 51,Tanzania,Male,Master,St. James Seminary,1958-09-21,66
52,2024-02-29 01:51:29,user52@example.com,User 52,South Africa,Male,Master,St. James Seminary,1993-08-30,31
53,2024-03-05 01:51:29,user53@example.com,User 53,Ghana,Male,Master,St. James Seminary,1961-06-14,63
54,2024-05-17 01:51:29,user54@example.com,User 54,Ghana,Male,High School,Mfantsipim School,1987-12-13,36
55,2023-11-23 01:51:29,user55@example.com,User 55,Rwanda,Male,Bachelor,Achimota School,1982-07-22,42
56,2024-05-12 01:51:29,user56@example.com,User 56,Rwanda,Female,PhD,Adisadel College,1989-03-29,35
57,2023-12-12 01:51:29,user57@example.com,User 57,Rwanda,Male,Bachelor,Wesley Girls High School,1979-01-17,45
58,2024-09-07 01:51:29,user58@example.com,User 58,South Africa,Female,Master,Holy Child School,1971-04-04,53
59,2024-03-20 01:51:29,user59@example.com,User 59,Nigeria,Male,High School,St. James Seminary,1994-03-15,30
60,2023-11-01 01:51:29,user60@example.com,User 60,Kenya,Male,Master,Presec Legon,2004-10-26,19
61,2024-09-21 01:51:29,user61@example.com,User 61,Uganda,Female,Master,Achimota School,1964-04-02,60
62,2024-09-14 01:51:29,user62@example.com,User 62,Nigeria,Male,Bachelor,St. James Seminary,1982-10-16,41
63,2024-07-29 01:51:29,user63@example.com,User 63,Tanzania,Male,PhD,Holy Child School,1977-08-31,47
64,2024-04-19 01:51:29,user64@example.com,User 64,Ghana,Female,Master,Opoku Ware School,2000-02-02,24
65,2024-03-25 01:51:29,user65@example.com,User 65,Kenya,Female,Bachelor,Achimota School,2000-08-18,24
66,2024-04-16 01:51:29,user66@example.com,User 66,South Africa,Male,Bachelor,Achimota School,1986-05-22,38
67,2024-02-22 01:51:29,user67@example.com,User 67,Ghana,Female,High School,Presec Legon,1965-05-17,59
68,2023-10-16 01:51:29,user68@example.com,User 68,Ghana,Female,Master,Wesley Girls High School,2005-09-05,19
69,2024-02-27 01:51:29,user69@example.com,User 69,Kenya,Male,Bachelor,St. James Seminary,1992-03-20,32
70,2024-03-07 01:51:29,user70@example.com,User 70,Tanzania,Female,Bachelor,Opoku Ware School,1965-08-07,59
71,2024-07-06 01:51:29,user71@example.com,User 71,South Africa,Male,High School,Adisadel College,1982-01-05,42
72,2023-10-27 01:51:29,user72@example.com,User 72,Nigeria,Male,PhD,St. James Seminary,1969-08-03,55
73,2023-12-21 01:51:29,user73@example.com,User 73,Nigeria,Female,Master,St. Augustine's College,1971-07-03,53
74,2024-01-23 01:51:29,user74@example.com,User 74,Tanzania,Female,PhD,Presec Legon,1982-10-07,42
75,2024-01-27 01:51:29,user75@example.com,User 75,Ghana,Female,High School,Prempeh College,1989-01-25,35
76,2024-07-29 01:51:29,user76@example.com,User 76,Tanzania,Female,Bachelor,St. Augustine's College,1985-10-27,38
77,2023-10-30 01:51:29,user77@example.com,User 77,Kenya,Female,PhD,Presec Legon,2004-11-15,19
78,2023-10-31 01:51:29,user78@example.com,User 78,Rwanda,Female,High School,St. James Seminary,1996-06-12,28
79,2024-05-07 01:51:29,user79@example.com,User 79,South Africa,Female,High School,St. Augustine's College,1976-06-05,48
80,2024-09-19 01:51:29,user80@example.com,User 80,Rwanda,Female,Master,Prempeh College,1956-11-11,67
81,2024-08-01 01:51:29,user81@example.com,User 81,Kenya,Male,Bachelor,Presec Legon,1959-02-06,65
82,2023-10-24 01:51:29,user82@example.com,User 82,Ethiopia,Male,Master,Holy Child School,1967-08-27,57
83,2024-08-31 01:51:29,user83@example.com,User 83,Ethiopia,Male,Bachelor,Opoku Ware School,1993-09-10,31
84,2024-04-19 01:51:29,user84@example.com,User 84,Ethiopia,Female,Master,Achimota School,1974-04-27,50
85,2024-06-12 01:51:29,user85@example.com,User 85,Ghana,Male,Bachelor,Prempeh College,2002-12-23,21
86,2024-05-27 01:51:29,user86@example.com,User 86,Ghana,Female,High School,Opoku Ware School,1966-05-14,58
87,2024-01-11 01:51:29,user87@example.com,User 87,Nigeria,Female,PhD,Prempeh College,1979-07-14,45
88,2024-04-05 01:51:29,user88@example.com,User 88,Tanzania,Female,Master,Adisadel College,1997-10-15,26
89,2024-02-19 01:51:29,user89@example.com,User 89,South Africa,Female,Master,St. Augustine's College,1971-05-18,53
90,2024-03-10 01:51:29,user90@example.com,User 90,Tanzania,Female,PhD,Mfantsipim School,2000-12-11,23
91,2023-12-08 01:51:29,user91@example.com,User 91,Kenya,Female,High School,Adisadel College,1991-04-02,33
92,2024-08-17 01:51:29,user92@example.com,User 92,Uganda,Female,Bachelor,Mfantsipim School,1962-11-27,61
93,2024-07-22 01:51:29,user93@example.com,User 93,Ghana,Male,PhD,St. James Seminary,1993-11-26,30
94,2023-11-04 01:51:29,user94@example.com,User 94,Ethiopia,Female,PhD,Wesley Girls High School,2006-01-06,18
95,2024-03-24 01:51:29,user95@example.com,User 95,Uganda,Male,Bachelor,Prempeh College,2001-06-15,23
96,2024-04-16 01:51:29,user96@example.com,User 96,South Africa,Male,PhD,Opoku Ware School,2005-01-24,19
97,2024-08-20 01:51:29,user97@example.com,User 97,Nigeria,Female,Master,Presec Legon,1985-04-19,39
98,2024-06-08 01:51:29,user98@example.com,User 98,Rwanda,Male,Bachelor,St. Augustine's College,1999-05-01,25
99,2024-05-02 01:51:29,user99@example.com,User 99,Nigeria,Female,PhD,St. Augustine's College,1986-09-24,38
100,2024-07-10 01:51:29,user100@example.com,User 100,Rwanda,Male,Bachelor,Holy Child School,1963-09-08,61
101,2024-08-28 01:51:29,user101@example.com,User 101,Uganda,Female,PhD,Wesley Girls High School,1975-04-15,49
102,2024-05-18 01:51:29,user102@example.com,User 102,Uganda,Male,Master,Presec Legon,1968-09-18,56
103,2024-05-11 01:51:29,user103@example.com,User 103,Nigeria,Female,PhD,St. Augustine's College,1994-08-24,30
104,2024-01-23 01:51:29,user104@example.com,User 104,Kenya,Male,Bachelor,Holy Child School,1984-02-25,40
105,2023-10-19 01:51:29,user105@example.com,User 105,Ethiopia,Female,Master,Wesley Girls High School,1992-06-28,32
106,2024-05-23 01:51:29,user106@example.com,User 106,Ethiopia,Female,High School,St. James Seminary,1957-11-18,66
107,2023-10-26 01:51:29,user107@example.com,User 107,South Africa,Male,High School,Holy Child School,1981-11-24,42
108,2023-10-28 01:51:29,user108@example.com,User 108,Ghana,Male,Bachelor,Holy Child School,1968-12-27,55
109,2024-01-28 01:51:29,user109@example.com,User 109,Tanzania,Male,Master,Mfantsipim School,1997-07-07,27
110,2024-09-12 01:51:29,user110@example.com,User 110,Uganda,Male,PhD,Prempeh College,1976-08-24,48
111,2024-05-06 01:51:29,user111@example.com,User 111,Rwanda,Male,Bachelor,Wesley Girls High School,1977-02-25,47
112,2024-08-31 01:51:29,user112@example.com,User 112,Ethiopia,Male,Bachelor,Presec Legon,1998-09-22,26
113,2024-03-04 01:51:29,user113@example.com,User 113,Uganda,Female,PhD,St. Augustine's College,1984-01-17,40
114,2023-11-16 01:51:29,user114@example.com,User 114,Ethiopia,Male,Master,Achimota School,1974-10-23,49
115,2024-02-12 01:51:29,user115@example.com,User 115,Ethiopia,Male,Bachelor,Adisadel College,1966-12-12,57
116,2024-06-05 01:51:29,user116@example.com,User 116,Kenya,Female,High School,St. Augustine's College,1994-04-26,30
117,2024-06-12 01:51:29,user117@example.com,User 117,Nigeria,Female,Bachelor,Holy Child School,1972-03-15,52
118,2024-04-23 01:51:29,user118@example.com,User 118,Ghana,Female,High School,Opoku Ware School,1957-12-10,66
119,2024-09-23 01:51:29,user119@example.com,User 119,South Africa,Female,Master,Achimota School,2000-07-07,24
120,2023-10-23 01:51:29,user120@example.com,User 120,Ethiopia,Female,Master,St. James Seminary,1988-11-03,35
121,2024-07-05 01:51:29,user121@example.com,User 121,Ghana,Female,Master,Presec Legon,1993-07-09,31
122,2024-01-10 01:51:29,user122@example.com,User 122,Ethiopia,Female,High School,Adisadel College,1980-10-12,43
123,2024-05-11 01:51:29,user123@example.com,User 123,Ghana,Female,Bachelor,Achimota School,1992-09-17,32
124,2024-07-25 01:51:29,user124@example.com,User 124,Kenya,Female,PhD,Mfantsipim School,1973-09-29,51
125,2023-10-13 01:51:29,user125@example.com,User 125,Rwanda,Female,Master,Opoku Ware School,1978-12-29,45
126,2024-02-09 01:51:29,user126@example.com,User 126,Kenya,Female,High School,Achimota School,1971-12-26,52
127,2024-08-03 01:51:29,user127@example.com,User 127,Ethiopia,Female,High School,Mfantsipim School,1973-03-15,51
128,2024-01-06 01:51:29,user128@example.com,User 128,Kenya,Female,PhD,Mfantsipim School,1975-06-04,49
129,2023-11-27 01:51:29,user129@example.com,User 129,Tanzania,Female,PhD,Wesley Girls High School,1968-03-24,56
130,2024-07-27 01:51:29,user130@example.com,User 130,Ghana,Female,PhD,Adisadel College,1988-12-19,35
131,2024-02-22 01:51:29,user131@example.com,User 131,Ghana,Male,PhD,Holy Child School,1989-10-03,35
132,2024-02-14 01:51:29,user132@example.com,User 132,Tanzania,Male,High School,St. Augustine's College,1958-08-14,66
133,2024-06-23 01:51:29,user133@example.com,User 133,Ghana,Female,High School,Presec Legon,1996-06-10,28
134,2023-10-17 01:51:29,user134@example.com,User 134,Tanzania,Male,Master,Wesley Girls High School,1967-08-18,57
135,2023-10-15 01:51:29,user135@example.com,User 135,Kenya,Male,High School,Adisadel College,1982-05-18,42
136,2024-02-02 01:51:29,user136@example.com,User 136,Kenya,Male,PhD,Holy Child School,1956-06-13,68
137,2024-07-26 01:51:29,user137@example.com,User 137,Uganda,Female,PhD,Mfantsipim School,1992-02-29,32
138,2024-06-03 01:51:29,user138@example.com,User 138,Kenya,Female,High School,Adisadel College,1994-08-30,30
139,2023-12-25 01:51:29,user139@example.com,User 139,Ethiopia,Female,PhD,St. James Seminary,2002-01-16,22
140,2023-12-04 01:51:29,user140@example.com,User 140,Nigeria,Male,Bachelor,St. James Seminary,1998-03-18,26
141,2024-05-22 01:51:29,user141@example.com,User 141,Kenya,Female,Bachelor,Prempeh College,1974-07-17,50
142,2024-01-14 01:51:29,user142@example.com,User 142,Kenya,Female,Master,Opoku Ware School,1992-12-01,31
143,2024-08-08 01:51:29,user143@example.com,User 143,Rwanda,Female,Bachelor,Adisadel College,1988-04-20,36
144,2023-11-17 01:51:29,user144@example.com,User 144,Ethiopia,Female,Master,St. Augustine's College,1988-10-03,36
145,2024-06-26 01:51:29,user145@example.com,User 145,Ghana,Female,High School,Wesley Girls High School,1990-04-03,34
146,2023-09-30 01:51:29,user146@example.com,User 146,Kenya,Male,Master,Mfantsipim School,2005-02-05,19
147,2024-07-11 01:51:29,user147@example.com,User 147,Kenya,Female,Master,Presec Legon,1961-10-26,62
148,2024-02-17 01:51:29,user148@example.com,User 148,South Africa,Male,High School,Holy Child School,1973-09-01,51
149,2023-11-22 01:51:29,user149@example.com,User 149,Nigeria,Male,High School,Opoku Ware School,1984-05-17,40
150,2024-07-13 01:51:29,user150@example.com,User 150,Tanzania,Female,Master,St. Augustine's College,1982-05-18,42
151,2024-04-25 01:51:29,user151@example.com,User 151,Ghana,Male,High School,St. Augustine's College,1961-11-04,62
152,2023-12-12 01:51:29,user152@example.com,User 152,South Africa,Male,Bachelor,St. Augustine's College,1978-02-20,46
153,2023-10-05 01:51:29,user153@example.com,User 153,Ethiopia,Female,High School,Holy Child School,1984-02-14,40
154,2024-04-24 01:51:29,user154@example.com,User 154,Ghana,Female,PhD,Prempeh College,1978-09-26,46
155,2024-03-23 01:51:29,user155@example.com,User 155,Ghana,Male,PhD,Prempeh College,1994-12-14,29
156,2024-08-04 01:51:29,user156@example.com,User 156,Uganda,Female,Master,Mfantsipim School,1977-06-09,47
157,2023-09-30 01:51:29,user157@example.com,User 157,Ethiopia,Male,PhD,Prempeh College,1993-08-08,31
158,2024-09-01 01:51:29,user158@example.com,User 158,Ghana,Female,PhD,Mfantsipim School,1990-08-21,34
159,2024-09-04 01:51:29,user159@example.com,User 159,Tanzania,Male,Bachelor,Opoku Ware School,1971-09-25,53
160,2024-03-02 01:51:29,user160@example.com,User 160,South Africa,Female,Bachelor,Prempeh College,1972-10-11,51
161,2023-10-08 01:51:29,user161@example.com,User 161,Uganda,Female,PhD,Holy Child School,2005-08-07,19
162,2024-07-25 01:51:29,user162@example.com,User 162,Tanzania,Female,PhD,Opoku Ware School,1975-06-12,49
163,2023-11-20 01:51:29,user163@example.com,User 163,Nigeria,Male,Bachelor,Achimota School,1999-05-26,25
164,2024-06-27 01:51:29,user164@example.com,User 164,Nigeria,Female,Master,Adisadel College,1985-12-15,38
165,2023-11-17 01:51:29,user165@example.com,User 165,Uganda,Female,Bachelor,Opoku Ware School,1965-11-24,58
166,2024-08-15 01:51:29,user166@example.com,User 166,Tanzania,Male,PhD,Presec Legon,1972-04-11,52
167,2024-02-13 01:51:29,user167@example.com,User 167,Rwanda,Female,High School,Wesley Girls High School,1966-05-16,58
168,2024-09-21 01:51:29,user168@example.com,User 168,Ethiopia,Female,High School,Presec Legon,1998-06-21,26
169,2023-09-28 01:51:29,user169@example.com,User 169,Uganda,Female,PhD,Presec Legon,1995-04-06,29
170,2024-05-07 01:51:29,user170@example.com,User 170,Nigeria,Male,Master,Wesley Girls High School,1984-09-18,40
171,2024-02-05 01:51:29,user171@example.com,User 171,Tanzania,Female,High School,Mfantsipim School,1978-07-25,46
172,2024-05-07 01:51:29,user172@example.com,User 172,Nigeria,Female,High School,St. James Seminary,1971-11-18,52
173,2023-10-07 01:51:29,user173@example.com,User 173,Nigeria,Female,PhD,Presec Legon,1997-01-27,27
174,2024-07-17 01:51:29,user174@example.com,User 174,South Africa,Male,PhD,St. Augustine's College,2003-07-03,21
175,2023-12-19 01:51:29,user175@example.com,User 175,Kenya,Female,PhD,Prempeh College,1969-03-15,55
176,2024-07-03 01:51:29,user176@example.com,User 176,Ethiopia,Female,High School,St. James Seminary,1993-06-20,31
177,2024-05-23 01:51:29,user177@example.com,User 177,South Africa,Male,PhD,St. Augustine's College,1987-09-17,37
178,2024-01-05 01:51:29,user178@example.com,User 178,Tanzania,Female,Bachelor,Opoku Ware School,2006-09-10,18
179,2024-01-16 01:51:29,user179@example.com,User 179,Ghana,Female,High School,Prempeh College,1963-09-10,61
180,2024-01-15 01:51:29,user180@example.com,User 180,Rwanda,Female,PhD,Mfantsipim School,1994-07-27,30
181,2024-07-19 01:51:29,user181@example.com,User 181,Kenya,Male,PhD,St. Augustine's College,1986-07-19,38
182,2023-12-12 01:51:29,user182@example.com,User 182,Tanzania,Female,PhD,Wesley Girls High School,1969-08-02,55
183,2024-07-05 01:51:29,user183@example.com,User 183,South Africa,Female,High School,Presec Legon,1987-01-27,37
184,2024-08-23 01:51:29,user184@example.com,User 184,Rwanda,Male,Master,Presec Legon,2006-04-01,18
185,2023-11-11 01:51:29,user185@example.com,User 185,Uganda,Male,Master,Holy Child School,1973-04-28,51
186,2024-04-10 01:51:29,user186@example.com,User 186,Rwanda,Female,PhD,Holy Child School,1978-10-16,45
187,2024-09-07 01:51:29,user187@example.com,User 187,South Africa,Male,High School,Achimota School,1987-09-03,37
188,2024-06-24 01:51:29,user188@example.com,User 188,Uganda,Female,PhD,Prempeh College,1966-09-25,58
189,2024-09-04 01:51:29,user189@example.com,User 189,Tanzania,Female,Bachelor,St. Augustine's College,1994-12-08,29
190,2024-04-17 01:51:29,user190@example.com,User 190,South Africa,Female,Master,St. Augustine's College,1981-02-02,43
191,2024-01-09 01:51:29,user191@example.com,User 191,Ghana,Male,Master,Prempeh College,1959-09-11,65
192,2023-11-24 01:51:29,user192@example.com,User 192,Nigeria,Male,Master,Holy Child School,2004-01-04,20
193,2024-05-27 01:51:29,user193@example.com,User 193,Nigeria,Female,Master,St. James Seminary,2002-02-13,22
194,2024-07-03 01:51:29,user194@example.com,User 194,Uganda,Male,Bachelor,Mfantsipim School,1955-10-08,69
195,2024-06-18 01:51:29,user195@example.com,User 195,Rwanda,Female,PhD,Mfantsipim School,1979-01-14,45
196,2024-03-13 01:51:29,user196@example.com,User 196,Tanzania,Male,PhD,Adisadel College,1997-05-04,27
197,2024-07-22 01:51:29,user197@example.com,User 197,Ethiopia,Male,Bachelor,Achimota School,1997-05-07,27
198,2023-11-25 01:51:29,user198@example.com,User 198,Uganda,Female,PhD,St. Augustine's College,1986-11-04,37
199,2023-12-23 01:51:29,user199@example.com,User 199,Ghana,Male,High School,St. James Seminary,1964-05-18,60
200,2024-06-08 01:51:29,user200@example.com,User 200,Uganda,Female,High School,Adisadel College,1979-10-15,44
201,2024-09-23 01:51:29,user201@example.com,User 201,Ethiopia,Male,Bachelor,Adisadel College,1958-05-02,66
202,2024-03-18 01:51:29,user202@example.com,User 202,South Africa,Female,High School,Achimota School,1995-08-30,29
203,2024-04-21 01:51:29,user203@example.com,User 203,Nigeria,Female,Master,Adisadel College,1971-06-10,53
204,2023-11-05 01:51:29,user204@example.com,User 204,Ethiopia,Male,Master,Opoku Ware School,2006-06-11,18
205,2024-07-07 01:51:29,user205@example.com,User 205,Tanzania,Female,High School,St. Augustine's College,1963-10-27,60
206,2024-08-12 01:51:29,user206@example.com,User 206,South Africa,Male,PhD,Opoku Ware School,1998-03-19,26
207,2024-06-16 01:51:29,user207@example.com,User 207,Ethiopia,Male,Bachelor,St. Augustine's College,1956-06-13,68
208,2024-02-15 01:51:29,user208@example.com,User 208,Tanzania,Male,Master,St. Augustine's College,1986-05-10,38
209,2024-06-24 01:51:29,user209@example.com,User 209,Kenya,Female,High School,Prempeh College,1997-12-09,26
210,2024-09-04 01:51:29,user210@example.com,User 210,Uganda,Male,Master,Opoku Ware School,1981-11-14,42
211,2024-02-14 01:51:29,user211@example.com,User 211,Nigeria,Male,Master,St. James Seminary,1984-08-13,40
212,2024-03-27 01:51:29,user212@example.com,User 212,Ethiopia,Male,PhD,St. Augustine's College,1991-07-24,33
213,2024-09-03 01:51:29,user213@example.com,User 213,Ethiopia,Male,PhD,Holy Child School,1983-10-30,40
214,2024-02-20 01:51:29,user214@example.com,User 214,Uganda,Female,Bachelor,Mfantsipim School,1998-04-05,26
215,2024-03-18 01:51:29,user215@example.com,User 215,South Africa,Male,PhD,Adisadel College,1987-05-20,37
216,2023-10-31 01:51:29,user216@example.com,User 216,Ghana,Male,Bachelor,Wesley Girls High School,1998-12-30,25
217,2024-07-04 01:51:29,user217@example.com,User 217,South Africa,Female,Master,Presec Legon,1958-12-23,65
218,2024-06-24 01:51:29,user218@example.com,User 218,Kenya,Female,Master,St. Augustine's College,1963-11-06,60
219,2024-04-25 01:51:29,user219@example.com,User 219,Ethiopia,Female,Master,Wesley Girls High School,1968-02-09,56
220,2024-09-03 01:51:29,user220@example.com,User 220,Tanzania,Female,PhD,Presec Legon,1997-12-03,26
221,2024-07-22 01:51:29,user221@example.com,User 221,Kenya,Male,Bachelor,Achimota School,1999-05-09,25
222,2024-06-03 01:51:29,user222@example.com,User 222,South Africa,Female,Master,Presec Legon,1983-07-14,41
223,2023-12-03 01:51:29,user223@example.com,User 223,Uganda,Female,PhD,Achimota School,1975-03-18,49
224,2024-05-07 01:51:29,user224@example.com,User 224,Kenya,Male,High School,Prempeh College,1992-12-31,31
225,2024-04-12 01:51:29,user225@example.com,User 225,Uganda,Male,PhD,Mfantsipim School,1999-09-05,25
226,2024-05-18 01:51:29,user226@example.com,User 226,Rwanda,Female,PhD,Adisadel College,1973-03-06,51
227,2024-08-03 01:51:29,user227@example.com,User 227,Ghana,Female,PhD,St. Augustine's College,1963-05-13,61
228,2024-06-30 01:51:29,user228@example.com,User 228,Ethiopia,Female,Master,Mfantsipim School,1980-05-24,44
229,2023-12-14 01:51:29,user229@example.com,User 229,Ethiopia,Male,PhD,Prempeh College,1998-10-23,25
230,2023-10-01 01:51:29,user230@example.com,User 230,Uganda,Female,Master,Holy Child School,1982-06-05,42
231,2024-08-17 01:51:29,user231@example.com,User 231,Ghana,Female,PhD,Holy Child School,1989-07-18,35
232,2024-06-01 01:51:29,user232@example.com,User 232,South Africa,Female,High School,Prempeh College,1979-11-17,44
233,2023-10-03 01:51:29,user233@example.com,User 233,South Africa,Male,Master,Opoku Ware School,1996-03-08,28
234,2024-09-21 01:51:29,user234@example.com,User 234,Uganda,Male,PhD,Mfantsipim School,1971-12-25,52
235,2023-10-28 01:51:29,user235@example.com,User 235,Nigeria,Female,PhD,Prempeh College,1980-11-26,43
236,2023-11-13 01:51:29,user236@example.com,User 236,Ghana,Female,High School,Presec Legon,2001-09-06,23
237,2023-12-19 01:51:29,user237@example.com,User 237,Tanzania,Female,Bachelor,Wesley Girls High School,1961-07-06,63
238,2023-11-23 01:51:29,user238@example.com,User 238,Ethiopia,Male,High School,Wesley Girls High School,1961-09-29,63
239,2024-07-04 01:51:29,user239@example.com,User 239,Ethiopia,Female,High School,Holy Child School,1972-12-08,51
240,2024-02-22 01:51:29,user240@example.com,User 240,South Africa,Male,PhD,Presec Legon,1981-02-15,43
241,2024-06-04 01:51:29,user241@example.com,User 241,Kenya,Female,High School,St. Augustine's College,1985-11-02,38
242,2024-05-25 01:51:29,user242@example.com,User 242,Ethiopia,Male,Master,Prempeh College,1968-08-17,56
243,2024-06-18 01:51:29,user243@example.com,User 243,Tanzania,Male,PhD,Adisadel College,1990-08-17,34
244,2024-05-11 01:51:29,user244@example.com,User 244,Tanzania,Male,PhD,St. James Seminary,1959-05-28,65
245,2024-04-07 01:51:29,user245@example.com,User 245,Ghana,Female,Master,Adisadel College,1965-04-28,59
246,2024-05-12 01:51:29,user246@example.com,User 246,Rwanda,Female,Master,Achimota School,1989-11-12,34
247,2024-05-30 01:51:29,user247@example.com,User 247,Ethiopia,Male,High School,Achimota School,1993-10-19,30
248,2024-02-13 01:51:29,user248@example.com,User 248,Nigeria,Male,Bachelor,St. Augustine's College,2000-06-05,24
249,2023-10-01 01:51:29,user249@example.com,User 249,Kenya,Female,Master,Prempeh College,1986-10-14,37
250,2023-11-15 01:51:29,user250@example.com,User 250,Nigeria,Female,High School,Opoku Ware School,1992-02-02,32
251,2024-09-16 01:51:29,user251@example.com,User 251,Rwanda,Female,Bachelor,Presec Legon,1961-10-30,62
252,2024-01-21 01:51:29,user252@example.com,User 252,Kenya,Female,PhD,Opoku Ware School,1972-05-13,52
253,2024-08-11 01:51:29,user253@example.com,User 253,Uganda,Female,High School,Presec Legon,1977-02-03,47
254,2024-06-20 01:51:29,user254@example.com,User 254,South Africa,Male,Master,St. Augustine's College,2004-12-21,19
255,2024-09-21 01:51:29,user255@example.com,User 255,Nigeria,Male,Master,Opoku Ware School,1979-05-30,45
256,2024-03-20 01:51:29,user256@example.com,User 256,Tanzania,Female,Master,Presec Legon,1995-01-28,29
257,2023-10-24 01:51:29,user257@example.com,User 257,Uganda,Female,High School,Wesley Girls High School,1971-11-16,52
258,2024-03-16 01:51:29,user258@example.com,User 258,Nigeria,Female,PhD,Adisadel College,1982-02-19,42
259,2023-10-01 01:51:29,user259@example.com,User 259,Tanzania,Female,Bachelor,Prempeh College,1971-01-29,53
260,2024-02-16 01:51:29,user260@example.com,User 260,Uganda,Male,PhD,Achimota School,1975-08-15,49
261,2024-06-27 01:51:29,user261@example.com,User 261,Rwanda,Male,Master,Wesley Girls High School,1982-03-25,42
262,2023-11-18 01:51:29,user262@example.com,User 262,Ethiopia,Female,High School,Presec Legon,1967-01-16,57
263,2024-06-17 01:51:29,user263@example.com,User 263,Kenya,Female,Bachelor,Opoku Ware School,1996-04-14,28
264,2023-10-28 01:51:29,user264@example.com,User 264,South Africa,Male,PhD,St. Augustine's College,1988-05-16,36
265,2024-04-18 01:51:29,user265@example.com,User 265,Ghana,Male,PhD,Wesley Girls High School,1972-10-16,51
266,2024-08-19 01:51:29,user266@example.com,User 266,South Africa,Female,Bachelor,Mfantsipim School,1959-12-22,64
267,2024-09-13 01:51:29,user267@example.com,User 267,Ethiopia,Male,Bachelor,Holy Child School,1970-04-13,54
268,2024-07-20 01:51:29,user268@example.com,User 268,Uganda,Female,High School,Holy Child School,1988-03-03,36
269,2023-10-21 01:51:29,user269@example.com,User 269,Tanzania,Female,High School,Mfantsipim School,1997-01-06,27
270,2024-08-06 01:51:29,user270@example.com,User 270,Rwanda,Female,High School,Adisadel College,1985-08-18,39
271,2024-03-07 01:51:29,user271@example.com,User 271,Uganda,Female,PhD,Adisadel College,1985-03-19,39
272,2024-06-24 01:51:29,user272@example.com,User 272,Nigeria,Male,Master,Achimota School,1991-01-08,33
273,2024-03-20 01:51:29,user273@example.com,User 273,Nigeria,Female,Master,Adisadel College,1999-11-08,24
274,2024-05-09 01:51:29,user274@example.com,User 274,Ethiopia,Male,Master,Opoku Ware School,1976-07-17,48
275,2024-09-04 01:51:29,user275@example.com,User 275,Uganda,Female,Master,Mfantsipim School,1966-05-24,58
276,2024-05-20 01:51:29,user276@example.com,User 276,Uganda,Female,PhD,Achimota School,1955-07-27,69
277,2024-06-08 01:51:29,user277@example.com,User 277,Uganda,Female,Bachelor,St. Augustine's College,1985-03-06,39
278,2024-02-21 01:51:29,user278@example.com,User 278,Tanzania,Female,PhD,Prempeh College,1988-07-03,36
279,2023-10-21 01:51:29,user279@example.com,User 279,Nigeria,Male,PhD,St. James Seminary,1999-08-27,25
280,2024-07-19 01:51:29,user280@example.com,User 280,Uganda,Female,Master,St. James Seminary,1958-12-26,65
281,2023-11-04 01:51:29,user281@example.com,User 281,Uganda,Male,PhD,Prempeh College,1960-02-02,64
282,2024-05-10 01:51:29,user282@example.com,User 282,South Africa,Male,Bachelor,St. James Seminary,2006-09-23,18
283,2024-01-22 01:51:29,user283@example.com,User 283,Uganda,Male,Bachelor,Holy Child School,1964-01-09,60
284,2024-04-16 01:51:29,user284@example.com,User 284,Kenya,Female,Bachelor,Adisadel College,2000-12-20,23
285,2024-07-21 01:51:29,user285@example.com,User 285,Uganda,Female,PhD,Mfantsipim School,1968-12-08,55
286,2024-07-02 01:51:29,user286@example.com,User 286,South Africa,Female,Master,Wesley Girls High School,1969-12-15,54
287,2023-12-06 01:51:29,user287@example.com,User 287,Nigeria,Female,High School,St. James Seminary,1968-11-23,55
288,2023-12-13 01:51:29,user288@example.com,User 288,Rwanda,Female,Bachelor,Adisadel College,2006-08-13,18
289,2023-11-27 01:51:29,user289@example.com,User 289,Ghana,Female,Bachelor,Presec Legon,2005-03-08,19
290,2024-05-10 01:51:29,user290@example.com,User 290,Ethiopia,Female,Bachelor,Adisadel College,1991-06-28,33
291,2024-08-22 01:51:29,user291@example.com,User 291,Rwanda,Female,High School,Mfantsipim School,2005-05-08,19
292,2024-01-16 01:51:29,user292@example.com,User 292,Tanzania,Female,Master,Opoku Ware School,1997-07-17,27
293,2024-07-26 01:51:29,user293@example.com,User 293,Ethiopia,Female,High School,St. James Seminary,1987-05-08,37
294,2023-12-22 01:51:29,user294@example.com,User 294,Rwanda,Female,PhD,St. James Seminary,1996-12-08,27
295,2023-12-05 01:51:29,user295@example.com,User 295,Ghana,Female,Bachelor,Adisadel College,1989-07-03,35
296,2024-02-24 01:51:29,user296@example.com,User 296,Ghana,Female,Master,Achimota School,1978-10-16,45
297,2024-07-02 01:51:29,user297@example.com,User 297,Nigeria,Female,Master,Presec Legon,1962-08-22,62
298,2024-04-06 01:51:29,user298@example.com,User 298,Ethiopia,Female,Master,St. James Seminary,1989-07-06,35
299,2023-11-13 01:51:29,user299@example.com,User 299,Tanzania,Male,PhD,St. Augustine's College,2000-04-14,24
300,2024-02-07 01:51:29,user300@example.com,User 300,Nigeria,Female,Bachelor,St. James Seminary,1961-10-30,62
301,2023-11-04 01:51:29,user301@example.com,User 301,Uganda,Male,Bachelor,St. Augustine's College,1983-08-19,41
302,2024-01-19 01:51:29,user302@example.com,User 302,Rwanda,Female,High School,St. Augustine's College,1995-12-07,28
303,2024-05-27 01:51:29,user303@example.com,User 303,South Africa,Female,Bachelor,Adisadel College,1989-02-17,35
304,2023-11-15 01:51:29,user304@example.com,User 304,Nigeria,Female,Bachelor,Holy Child School,1985-08-21,39
305,2024-05-14 01:51:29,user305@example.com,User 305,Ethiopia,Male,Bachelor,Wesley Girls High School,2004-02-24,20
306,2024-08-08 01:51:29,user306@example.com,User 306,Rwanda,Male,High School,Opoku Ware School,1975-08-04,49
307,2024-09-16 01:51:29,user307@example.com,User 307,Ethiopia,Male,High School,Presec Legon,1985-11-05,38
308,2024-05-03 01:51:29,user308@example.com,User 308,Ghana,Female,PhD,Opoku Ware School,1956-02-07,68
309,2024-03-01 01:51:29,user309@example.com,User 309,Tanzania,Female,Bachelor,Mfantsipim School,1982-02-23,42
310,2023-11-17 01:51:29,user310@example.com,User 310,Kenya,Male,PhD,St. James Seminary,1990-05-22,34
311,2023-12-12 01:51:29,user311@example.com,User 311,Kenya,Female,PhD,Achimota School,1979-08-26,45
312,2023-12-17 01:51:29,user312@example.com,User 312,Tanzania,Female,High School,Wesley Girls High School,1999-08-24,25
313,2024-09-16 01:51:29,user313@example.com,User 313,Uganda,Male,Master,Achimota School,1998-01-13,26
314,2024-09-01 01:51:29,user314@example.com,User 314,Tanzania,Male,PhD,Wesley Girls High School,1985-05-05,39
315,2023-11-04 01:51:29,user315@example.com,User 315,Ghana,Male,Bachelor,Adisadel College,2005-10-16,18
316,2024-04-01 01:51:29,user316@example.com,User 316,Rwanda,Female,PhD,Prempeh College,1996-12-08,27
317,2024-01-19 01:51:29,user317@example.com,User 317,Kenya,Female,PhD,Presec Legon,1969-06-18,55
318,2024-09-14 01:51:29,user318@example.com,User 318,Ethiopia,Female,Bachelor,Holy Child School,1975-05-11,49
319,2024-01-26 01:51:29,user319@example.com,User 319,Ethiopia,Female,PhD,Presec Legon,1980-06-19,44
320,2024-08-09 01:51:29,user320@example.com,User 320,Nigeria,Female,PhD,Achimota School,1983-01-17,41
321,2024-04-26 01:51:29,user321@example.com,User 321,Rwanda,Female,Bachelor,St. Augustine's College,1979-03-27,45
322,2023-11-17 01:51:29,user322@example.com,User 322,Rwanda,Female,PhD,Prempeh College,1974-11-11,49
323,2023-12-16 01:51:29,user323@example.com,User 323,Uganda,Male,Master,St. James Seminary,1963-10-08,61
324,2024-01-11 01:51:29,user324@example.com,User 324,Tanzania,Female,PhD,Adisadel College,2004-08-09,20
325,2023-11-25 01:51:29,user325@example.com,User 325,Rwanda,Male,Master,Opoku Ware School,2001-07-26,23
326,2024-03-29 01:51:29,user326@example.com,User 326,Ghana,Female,Master,Presec Legon,1986-11-29,37
327,2023-12-29 01:51:29,user327@example.com,User 327,Ghana,Female,Bachelor,Achimota School,1981-06-22,43
328,2024-03-16 01:51:29,user328@example.com,User 328,South Africa,Female,PhD,St. Augustine's College,1968-06-23,56
329,2024-04-10 01:51:29,user329@example.com,User 329,Tanzania,Female,PhD,Adisadel College,1998-08-21,26
330,2024-01-25 01:51:29,user330@example.com,User 330,Ethiopia,Male,Master,Presec Legon,1965-12-03,58
331,2024-06-10 01:51:29,user331@example.com,User 331,Rwanda,Female,Master,Presec Legon,1954-12-22,69
332,2024-07-18 01:51:29,user332@example.com,User 332,Rwanda,Male,PhD,Wesley Girls High School,2003-03-19,21
333,2024-07-28 01:51:29,user333@example.com,User 333,Nigeria,Female,High School,Mfantsipim School,1990-03-08,34
334,2024-05-18 01:51:29,user334@example.com,User 334,Rwanda,Female,Bachelor,Wesley Girls High School,1972-04-08,52
335,2024-02-24 01:51:29,user335@example.com,User 335,Kenya,Female,Master,Prempeh College,2005-03-07,19
336,2024-07-29 01:51:29,user336@example.com,User 336,Uganda,Male,PhD,Wesley Girls High School,1999-05-17,25
337,2024-08-17 01:51:29,user337@example.com,User 337,Tanzania,Male,Bachelor,St. Augustine's College,2002-03-14,22
338,2023-12-09 01:51:29,user338@example.com,User 338,Nigeria,Female,Bachelor,Achimota School,1957-11-25,66
339,2024-09-06 01:51:29,user339@example.com,User 339,Uganda,Female,PhD,Presec Legon,1973-07-17,51
340,2024-07-26 01:51:29,user340@example.com,User 340,Ghana,Female,Master,Holy Child School,1984-08-04,40
341,2024-04-05 01:51:29,user341@example.com,User 341,Tanzania,Female,Bachelor,St. Augustine's College,1981-03-27,43
342,2024-06-22 01:51:29,user342@example.com,User 342,Ethiopia,Female,Bachelor,Opoku Ware School,1963-12-03,60
343,2024-05-12 01:51:29,user343@example.com,User 343,Nigeria,Female,High School,St. Augustine's College,1996-10-04,28
344,2023-12-11 01:51:29,user344@example.com,User 344,Uganda,Female,High School,Prempeh College,1960-10-11,64
345,2024-07-08 01:51:29,user345@example.com,User 345,Kenya,Male,PhD,St. James Seminary,1978-06-15,46
346,2024-04-29 01:51:29,user346@example.com,User 346,Uganda,Male,Master,Prempeh College,1973-08-30,51
347,2023-11-23 01:51:29,user347@example.com,User 347,Ghana,Male,High School,Mfantsipim School,1970-02-12,54
348,2024-08-08 01:51:29,user348@example.com,User 348,Ghana,Female,High School,Opoku Ware School,1985-10-19,38
349,2023-12-15 01:51:29,user349@example.com,User 349,Nigeria,Male,High School,Holy Child School,1991-09-23,33
350,2024-05-27 01:51:29,user350@example.com,User 350,Tanzania,Male,Master,St. James Seminary,1956-06-09,68
351,2024-04-04 01:51:29,user351@example.com,User 351,Kenya,Female,PhD,St. Augustine's College,1954-11-10,69
352,2024-03-03 01:51:29,user352@example.com,User 352,Uganda,Male,Master,Prempeh College,1982-05-19,42
353,2024-06-30 01:51:29,user353@example.com,User 353,Ethiopia,Female,Bachelor,Holy Child School,1971-03-15,53
354,2024-08-04 01:51:29,user354@example.com,User 354,Nigeria,Female,Master,Holy Child School,2000-06-08,24
355,2024-09-19 01:51:29,user355@example.com,User 355,Tanzania,Female,High School,St. James Seminary,1991-12-12,32
356,2023-11-13 01:51:29,user356@example.com,User 356,Rwanda,Male,Master,St. James Seminary,1980-09-28,44
357,2023-12-26 01:51:29,user357@example.com,User 357,Ghana,Female,Bachelor,Presec Legon,1995-12-15,28
358,2024-05-02 01:51:29,user358@example.com,User 358,Nigeria,Male,PhD,Adisadel College,1971-08-12,53
359,2024-08-23 01:51:29,user359@example.com,User 359,Rwanda,Male,High School,Wesley Girls High School,2000-07-15,24
360,2024-01-19 01:51:29,user360@example.com,User 360,Uganda,Female,Bachelor,Mfantsipim School,2003-12-04,20
361,2024-09-24 01:51:29,user361@example.com,User 361,Rwanda,Female,PhD,St. Augustine's College,1998-05-22,26
362,2024-02-08 01:51:29,user362@example.com,User 362,Ghana,Male,High School,Presec Legon,1991-02-09,33
363,2024-03-29 01:51:29,user363@example.com,User 363,Uganda,Male,High School,Presec Legon,2005-10-31,18
364,2024-05-27 01:51:29,user364@example.com,User 364,Rwanda,Male,PhD,Holy Child School,2001-06-06,23
365,2024-09-11 01:51:29,user365@example.com,User 365,Ethiopia,Male,Bachelor,Opoku Ware School,1960-04-01,64
366,2024-06-25 01:51:29,user366@example.com,User 366,Ghana,Female,Master,Prempeh College,1982-12-14,41
367,2023-10-12 01:51:29,user367@example.com,User 367,South Africa,Male,Bachelor,Mfantsipim School,2006-01-15,18
368,2024-05-23 01:51:29,user368@example.com,User 368,Tanzania,Male,High School,Presec Legon,1980-03-01,44
369,2024-07-21 01:51:29,user369@example.com,User 369,Ghana,Female,Bachelor,Adisadel College,1985-02-23,39
370,2024-08-28 01:51:29,user370@example.com,User 370,Tanzania,Female,High School,Wesley Girls High School,1990-03-07,34
371,2023-12-03 01:51:29,user371@example.com,User 371,Rwanda,Male,PhD,Wesley Girls High School,1957-06-13,67
372,2024-04-10 01:51:29,user372@example.com,User 372,Uganda,Male,Master,St. Augustine's College,1991-04-25,33
373,2023-12-02 01:51:29,user373@example.com,User 373,Nigeria,Male,Bachelor,Presec Legon,2004-11-27,19
374,2024-05-19 01:51:29,user374@example.com,User 374,Ethiopia,Female,Master,St. Augustine's College,1978-09-07,46
375,2023-11-20 01:51:29,user375@example.com,User 375,Nigeria,Male,Bachelor,Adisadel College,1984-10-20,39
376,2024-05-30 01:51:29,user376@example.com,User 376,Ethiopia,Male,Bachelor,Mfantsipim School,1988-04-22,36
377,2023-12-08 01:51:29,user377@example.com,User 377,Tanzania,Female,Bachelor,Presec Legon,1964-10-05,60
378,2024-04-11 01:51:29,user378@example.com,User 378,Ghana,Female,High School,Prempeh College,1967-07-31,57
379,2024-09-21 01:51:29,user379@example.com,User 379,Kenya,Male,Master,Prempeh College,1974-07-09,50
380,2023-11-23 01:51:29,user380@example.com,User 380,Kenya,Female,Master,Adisadel College,1959-02-24,65
381,2024-05-24 01:51:29,user381@example.com,User 381,Uganda,Male,Bachelor,St. James Seminary,1984-08-25,40
382,2024-01-31 01:51:29,user382@example.com,User 382,Rwanda,Female,PhD,Adisadel College,1971-01-09,53
383,2023-11-11 01:51:29,user383@example.com,User 383,Nigeria,Male,Bachelor,Prempeh College,1995-11-13,28
384,2024-09-09 01:51:29,user384@example.com,User 384,Ghana,Male,Master,Presec Legon,2001-05-26,23
385,2024-03-30 01:51:29,user385@example.com,User 385,Ethiopia,Male,PhD,St. Augustine's College,2002-06-18,22
386,2023-12-23 01:51:29,user386@example.com,User 386,Tanzania,Male,Master,Presec Legon,1962-10-12,62
387,2023-12-05 01:51:29,user387@example.com,User 387,Nigeria,Female,High School,Holy Child School,1964-08-14,60
388,2024-02-15 01:51:29,user388@example.com,User 388,Uganda,Female,PhD,Prempeh College,1986-10-23,37
389,2024-07-29 01:51:29,user389@example.com,User 389,Kenya,Female,High School,Mfantsipim School,1964-07-09,60
390,2023-11-27 01:51:29,user390@example.com,User 390,Nigeria,Male,Bachelor,St. Augustine's College,1960-12-30,63
391,2024-02-08 01:51:29,user391@example.com,User 391,Tanzania,Male,PhD,Adisadel College,1991-05-03,33
392,2024-04-28 01:51:29,user392@example.com,User 392,Ghana,Female,High School,St. Augustine's College,1973-04-08,51
393,2024-05-15 01:51:29,user393@example.com,User 393,Tanzania,Female,High School,St. Augustine's College,2002-02-08,22
394,2023-11-04 01:51:29,user394@example.com,User 394,South Africa,Male,Master,St. Augustine's College,1978-06-09,46
395,2023-10-22 01:51:29,user395@example.com,User 395,Ethiopia,Male,PhD,Wesley Girls High School,1965-04-09,59
396,2024-01-12 01:51:29,user396@example.com,User 396,Tanzania,Female,High School,Presec Legon,1968-12-18,55
397,2023-10-29 01:51:29,user397@example.com,User 397,Uganda,Male,PhD,Prempeh College,1989-05-26,35
398,2024-07-28 01:51:29,user398@example.com,User 398,South Africa,Male,PhD,Wesley Girls High School,1966-07-07,58
399,2024-06-13 01:51:29,user399@example.com,User 399,South Africa,Female,High School,Adisadel College,1979-05-02,45
400,2024-04-26 01:51:29,user400@example.com,User 400,Kenya,Female,High School,Achimota School,1998-10-30,25
401,2024-07-24 01:51:29,user401@example.com,User 401,South Africa,Male,Master,Mfantsipim School,1993-02-07,31
402,2023-11-15 01:51:29,user402@example.com,User 402,Ethiopia,Male,Master,Adisadel College,1970-01-24,54
403,2023-11-28 01:51:29,user403@example.com,User 403,Nigeria,Female,High School,Wesley Girls High School,1955-12-12,68
404,2023-10-21 01:51:29,user404@example.com,User 404,Ethiopia,Male,Bachelor,Opoku Ware School,1976-05-20,48
405,2024-03-29 01:51:29,user405@example.com,User 405,Nigeria,Male,Master,Holy Child School,2002-11-30,21
406,2023-10-28 01:51:29,user406@example.com,User 406,Tanzania,Male,Master,Prempeh College,1996-06-17,28
407,2024-09-06 01:51:29,user407@example.com,User 407,Nigeria,Female,Master,St. James Seminary,1979-10-02,45
408,2024-01-02 01:51:29,user408@example.com,User 408,Nigeria,Male,Master,Wesley Girls High School,1970-11-15,53
409,2023-10-02 01:51:29,user409@example.com,User 409,Ghana,Male,Bachelor,Wesley Girls High School,1973-01-05,51
410,2024-01-08 01:51:29,user410@example.com,User 410,Nigeria,Male,Bachelor,Adisadel College,2005-11-19,18
411,2024-03-23 01:51:29,user411@example.com,User 411,South Africa,Female,High School,Mfantsipim School,1965-10-24,58
412,2024-04-10 01:51:29,user412@example.com,User 412,Rwanda,Male,Master,Prempeh College,1959-11-29,64
413,2023-12-10 01:51:29,user413@example.com,User 413,Tanzania,Male,Bachelor,Achimota School,1987-05-15,37
414,2024-03-05 01:51:29,user414@example.com,User 414,South Africa,Male,PhD,Achimota School,1993-10-02,31
415,2024-08-28 01:51:29,user415@example.com,User 415,Kenya,Female,Bachelor,Prempeh College,1973-05-01,51
416,2024-03-12 01:51:29,user416@example.com,User 416,Ethiopia,Male,Master,Holy Child School,1956-11-01,67
417,2024-06-12 01:51:29,user417@example.com,User 417,Uganda,Male,Master,Mfantsipim School,1963-04-02,61
418,2024-08-15 01:51:29,user418@example.com,User 418,Rwanda,Male,Bachelor,St. Augustine's College,1955-03-30,69
419,2024-01-26 01:51:29,user419@example.com,User 419,Ghana,Male,Master,Wesley Girls High School,1955-10-09,69
420,2024-05-21 01:51:29,user420@example.com,User 420,Rwanda,Female,Master,Achimota School,1963-07-12,61
421,2024-09-10 01:51:29,user421@example.com,User 421,Nigeria,Male,Master,Wesley Girls High School,2006-01-17,18
422,2024-04-13 01:51:29,user422@example.com,User 422,South Africa,Male,Bachelor,Opoku Ware School,2000-12-13,23
423,2023-11-18 01:51:29,user423@example.com,User 423,Kenya,Male,PhD,Opoku Ware School,1988-11-27,35
424,2024-05-01 01:51:29,user424@example.com,User 424,Ethiopia,Female,High School,St. Augustine's College,1973-03-31,51
425,2024-07-25 01:51:29,user425@example.com,User 425,Nigeria,Female,Master,Wesley Girls High School,2002-08-10,22
426,2024-09-08 01:51:29,user426@example.com,User 426,South Africa,Female,Bachelor,Achimota School,2002-05-07,22
427,2024-07-28 01:51:29,user427@example.com,User 427,Rwanda,Female,PhD,St. James Seminary,1967-10-24,56
428,2024-07-16 01:51:29,user428@example.com,User 428,Kenya,Female,Bachelor,Wesley Girls High School,1992-05-12,32
429,2024-08-04 01:51:29,user429@example.com,User 429,Kenya,Male,Master,St. James Seminary,1957-01-24,67
430,2024-06-18 01:51:29,user430@example.com,User 430,South Africa,Female,Bachelor,St. Augustine's College,1955-03-24,69
431,2024-05-03 01:51:29,user431@example.com,User 431,Ghana,Male,PhD,Prempeh College,1974-10-07,50
432,2024-03-17 01:51:29,user432@example.com,User 432,Ethiopia,Female,Master,Presec Legon,1959-02-02,65
433,2023-12-20 01:51:29,user433@example.com,User 433,Nigeria,Female,Bachelor,St. Augustine's College,1973-08-11,51
434,2024-06-23 01:51:29,user434@example.com,User 434,Ghana,Male,Bachelor,Presec Legon,1975-07-21,49
435,2024-06-12 01:51:29,user435@example.com,User 435,Kenya,Female,High School,Opoku Ware School,1980-08-11,44
436,2024-02-16 01:51:29,user436@example.com,User 436,South Africa,Female,Master,St. James Seminary,1971-01-15,53
437,2024-07-10 01:51:29,user437@example.com,User 437,South Africa,Male,Master,Presec Legon,1955-10-07,69
438,2024-07-18 01:51:29,user438@example.com,User 438,Kenya,Male,Master,Wesley Girls High School,1997-02-12,27
439,2023-11-14 01:51:29,user439@example.com,User 439,South Africa,Male,High School,Achimota School,1969-01-29,55
440,2024-07-07 01:51:29,user440@example.com,User 440,South Africa,Female,High School,Adisadel College,1978-02-23,46
441,2024-08-08 01:51:29,user441@example.com,User 441,Rwanda,Female,Master,Wesley Girls High School,1970-08-06,54
442,2024-08-15 01:51:29,user442@example.com,User 442,Tanzania,Male,Master,St. James Seminary,1963-04-11,61
443,2024-08-05 01:51:29,user443@example.com,User 443,South Africa,Female,PhD,Mfantsipim School,1984-09-18,40
444,2024-09-15 01:51:29,user444@example.com,User 444,Ethiopia,Female,PhD,Adisadel College,2005-06-14,19
445,2024-02-19 01:51:29,user445@example.com,User 445,Ghana,Male,Bachelor,Holy Child School,1965-02-25,59
446,2024-02-25 01:51:29,user446@example.com,User 446,Nigeria,Male,Master,Adisadel College,1957-08-07,67
447,2024-08-21 01:51:29,user447@example.com,User 447,Kenya,Male,PhD,Adisadel College,1980-03-03,44
448,2024-02-16 01:51:29,user448@example.com,User 448,Ethiopia,Female,Master,Adisadel College,1991-09-08,33
449,2024-07-18 01:51:29,user449@example.com,User 449,Ghana,Male,Master,Wesley Girls High School,1978-06-05,46
450,2024-04-22 01:51:29,user450@example.com,User 450,Uganda,Female,High School,Achimota School,1980-07-07,44
451,2024-08-07 01:51:29,user451@example.com,User 451,Rwanda,Male,PhD,St. Augustine's College,1961-05-09,63
452,2024-09-11 01:51:29,user452@example.com,User 452,Rwanda,Female,Bachelor,Wesley Girls High School,1997-10-22,26
453,2024-07-08 01:51:29,user453@example.com,User 453,Rwanda,Male,Bachelor,Opoku Ware School,1975-07-05,49
454,2024-05-15 01:51:29,user454@example.com,User 454,South Africa,Male,PhD,Prempeh College,1962-06-23,62
455,2024-04-14 01:51:29,user455@example.com,User 455,Uganda,Female,Master,Adisadel College,1993-07-07,31
456,2024-06-21 01:51:29,user456@example.com,User 456,Ghana,Male,Bachelor,St. James Seminary,1956-08-27,68
457,2024-01-16 01:51:29,user457@example.com,User 457,Ethiopia,Female,Bachelor,Presec Legon,2000-01-14,24
458,2023-09-29 01:51:29,user458@example.com,User 458,Uganda,Female,Master,Wesley Girls High School,1984-05-05,40
459,2024-03-19 01:51:29,user459@example.com,User 459,Ghana,Female,Master,Presec Legon,1962-11-17,61
460,2024-02-23 01:51:29,user460@example.com,User 460,Uganda,Female,Bachelor,Achimota School,2000-12-11,23
461,2023-12-05 01:51:29,user461@example.com,User 461,Nigeria,Male,Master,Presec Legon,1981-02-01,43
462,2024-07-22 01:51:29,user462@example.com,User 462,Tanzania,Male,PhD,Mfantsipim School,1996-09-22,28
463,2024-02-05 01:51:29,user463@example.com,User 463,Nigeria,Male,Master,Opoku Ware School,1969-02-05,55
464,2024-02-18 01:51:29,user464@example.com,User 464,Uganda,Female,Bachelor,Achimota School,1987-04-28,37
465,2024-07-05 01:51:29,user465@example.com,User 465,Rwanda,Female,High School,Holy Child School,1975-09-13,49
466,2023-12-25 01:51:29,user466@example.com,User 466,Ethiopia,Female,High School,Presec Legon,1991-08-07,33
467,2023-11-29 01:51:29,user467@example.com,User 467,Nigeria,Male,Master,Wesley Girls High School,1955-12-02,68
468,2023-11-25 01:51:29,user468@example.com,User 468,Nigeria,Female,Master,Adisadel College,1961-12-13,62
469,2024-08-17 01:51:29,user469@example.com,User 469,Tanzania,Female,High School,Achimota School,1960-01-07,64
470,2024-06-23 01:51:29,user470@example.com,User 470,Ethiopia,Male,Master,Wesley Girls High School,2003-11-20,20
471,2024-09-14 01:51:29,user471@example.com,User 471,Nigeria,Male,PhD,Presec Legon,1996-01-10,28
472,2024-05-19 01:51:29,user472@example.com,User 472,South Africa,Male,PhD,St. Augustine's College,1955-09-06,69
473,2023-10-06 01:51:29,user473@example.com,User 473,Tanzania,Female,High School,Adisadel College,2002-08-05,22
474,2024-07-15 01:51:29,user474@example.com,User 474,Ghana,Female,Bachelor,Holy Child School,1980-06-16,44
475,2024-03-13 01:51:29,user475@example.com,User 475,Uganda,Male,Master,Mfantsipim School,2002-01-16,22
476,2024-06-06 01:51:29,user476@example.com,User 476,Ghana,Female,High School,Presec Legon,1980-07-28,44
477,2024-03-16 01:51:29,user477@example.com,User 477,Nigeria,Male,PhD,St. Augustine's College,2005-08-20,19
478,2024-06-17 01:51:29,user478@example.com,User 478,South Africa,Male,PhD,St. James Seminary,2003-09-22,21
479,2024-03-27 01:51:29,user479@example.com,User 479,Ethiopia,Male,High School,St. James Seminary,1978-12-30,45
480,2024-03-16 01:51:29,user480@example.com,User 480,Nigeria,Female,PhD,Wesley Girls High School,1993-03-12,31
481,2023-12-24 01:51:29,user481@example.com,User 481,Nigeria,Female,High School,Mfantsipim School,2003-08-05,21
482,2024-02-07 01:51:29,user482@example.com,User 482,Ethiopia,Male,Bachelor,Prempeh College,1956-12-19,67
483,2024-08-03 01:51:29,user483@example.com,User 483,Ethiopia,Male,Master,Mfantsipim School,1969-10-28,54
484,2024-05-28 01:51:29,user484@example.com,User 484,Ghana,Female,High School,Holy Child School,1986-05-16,38
485,2024-01-29 01:51:29,user485@example.com,User 485,Nigeria,Female,Master,Wesley Girls High School,1986-08-03,38
486,2024-02-24 01:51:29,user486@example.com,User 486,Uganda,Male,PhD,Opoku Ware School,1991-01-19,33
487,2024-02-26 01:51:29,user487@example.com,User 487,Ghana,Male,Bachelor,Holy Child School,1995-05-18,29
488,2024-04-21 01:51:29,user488@example.com,User 488,Nigeria,Male,Master,Adisadel College,1976-06-20,48
489,2024-07-02 01:51:29,user489@example.com,User 489,Nigeria,Female,Master,St. James Seminary,2002-08-29,22
490,2024-07-26 01:51:29,user490@example.com,User 490,South Africa,Female,Bachelor,Holy Child School,1982-01-31,42
491,2024-04-15 01:51:29,user491@example.com,User 491,Rwanda,Male,Bachelor,Presec Legon,1979-11-25,44
492,2023-12-02 01:51:29,user492@example.com,User 492,South Africa,Male,PhD,Opoku Ware School,1975-04-28,49
493,2024-05-05 01:51:29,user493@example.com,User 493,Tanzania,Male,Bachelor,Mfantsipim School,1977-01-28,47
494,2024-01-06 01:51:29,user494@example.com,User 494,Ethiopia,Male,High School,Opoku Ware School,1978-08-24,46
495,2024-05-10 01:51:29,user495@example.com,User 495,Ghana,Female,Bachelor,Achimota School,1977-05-18,47
496,2023-11-05 01:51:29,user496@example.com,User 496,Kenya,Female,Bachelor,St. James Seminary,1962-01-29,62
497,2024-09-04 01:51:29,user497@example.com,User 497,Ethiopia,Male,PhD,Mfantsipim School,1985-09-10,39
498,2023-10-12 01:51:29,user498@example.com,User 498,South Africa,Male,Bachelor,St. Augustine's College,1977-11-15,46
499,2023-11-15 01:51:29,user499@example.com,User 499,Ethiopia,Female,Master,Wesley Girls High School,1961-05-24,63
500,2024-05-26 01:51:29,user500@example.com,User 500,Ghana,Female,Master,Mfantsipim School,1995-07-30,29
501,2024-03-06 01:51:29,user501@example.com,User 501,Tanzania,Female,Master,St. Augustine's College,1988-08-10,36
502,2024-01-06 01:51:29,user502@example.com,User 502,Tanzania,Female,PhD,Prempeh College,1987-06-19,37
503,2024-08-09 01:51:29,user503@example.com,User 503,Uganda,Male,Bachelor,Achimota School,1989-09-15,35
504,2023-10-28 01:51:29,user504@example.com,User 504,Rwanda,Male,High School,Mfantsipim School,1986-04-06,38
505,2024-05-04 01:51:29,user505@example.com,User 505,Tanzania,Male,Master,Achimota School,1958-07-26,66
506,2024-01-09 01:51:29,user506@example.com,User 506,Nigeria,Male,Master,Presec Legon,1990-02-18,34
507,2024-06-26 01:51:29,user507@example.com,User 507,Rwanda,Male,Master,Wesley Girls High School,1989-07-04,35
508,2024-05-16 01:51:29,user508@example.com,User 508,Rwanda,Female,High School,Opoku Ware School,1991-07-12,33
509,2024-02-14 01:51:29,user509@example.com,User 509,Kenya,Male,PhD,Achimota School,1995-04-13,29
510,2023-11-25 01:51:29,user510@example.com,User 510,Nigeria,Female,High School,Opoku Ware School,1961-08-28,63
511,2024-07-25 01:51:29,user511@example.com,User 511,South Africa,Male,High School,Holy Child School,1971-12-19,52
512,2024-01-09 01:51:29,user512@example.com,User 512,Ghana,Male,PhD,Wesley Girls High School,1956-10-12,68
513,2023-10-09 01:51:29,user513@example.com,User 513,Tanzania,Female,Master,Holy Child School,1974-06-05,50
514,2024-04-12 01:51:29,user514@example.com,User 514,Uganda,Female,High School,Presec Legon,1997-01-05,27
515,2023-10-20 01:51:29,user515@example.com,User 515,Rwanda,Female,Master,Holy Child School,1955-10-28,68
516,2024-06-30 01:51:29,user516@example.com,User 516,South Africa,Male,Bachelor,Holy Child School,1974-09-23,50
517,2023-12-30 01:51:29,user517@example.com,User 517,Kenya,Female,Master,Holy Child School,1976-09-10,48
518,2024-08-03 01:51:29,user518@example.com,User 518,Kenya,Female,PhD,St. James Seminary,1981-06-16,43
519,2024-08-30 01:51:29,user519@example.com,User 519,Tanzania,Female,Master,Wesley Girls High School,1976-12-27,47
520,2024-09-09 01:51:29,user520@example.com,User 520,Rwanda,Female,Bachelor,Holy Child School,1976-03-06,48
521,2024-06-25 01:51:29,user521@example.com,User 521,Kenya,Female,PhD,Holy Child School,1979-12-13,44
522,2024-04-09 01:51:29,user522@example.com,User 522,Rwanda,Male,Master,St. Augustine's College,1960-12-21,63
523,2023-12-25 01:51:29,user523@example.com,User 523,Ethiopia,Male,High School,Opoku Ware School,1969-02-28,55
524,2024-03-06 01:51:29,user524@example.com,User 524,Ethiopia,Female,Bachelor,St. James Seminary,2000-06-14,24
525,2024-08-20 01:51:29,user525@example.com,User 525,Uganda,Female,High School,Presec Legon,1962-05-24,62
526,2024-04-09 01:51:29,user526@example.com,User 526,Tanzania,Female,High School,Wesley Girls High School,2005-05-27,19
527,2024-01-13 01:51:29,user527@example.com,User 527,Ethiopia,Female,PhD,Presec Legon,2006-08-18,18
528,2023-10-28 01:51:29,user528@example.com,User 528,South Africa,Male,PhD,St. Augustine's College,1978-10-16,45
529,2024-01-27 01:51:29,user529@example.com,User 529,Ghana,Female,High School,Opoku Ware School,1978-08-10,46
530,2024-03-24 01:51:29,user530@example.com,User 530,Rwanda,Female,Master,Presec Legon,1963-05-10,61
531,2023-12-26 01:51:29,user531@example.com,User 531,Kenya,Female,High School,St. James Seminary,1981-12-21,42
532,2024-04-11 01:51:29,user532@example.com,User 532,Uganda,Female,High School,Mfantsipim School,1999-02-14,25
533,2023-12-02 01:51:29,user533@example.com,User 533,Uganda,Male,High School,Achimota School,2001-10-19,22
534,2024-04-12 01:51:29,user534@example.com,User 534,Ghana,Male,Bachelor,Achimota School,2004-02-18,20
535,2024-04-08 01:51:29,user535@example.com,User 535,Ethiopia,Male,PhD,Wesley Girls High School,1962-09-30,62
536,2023-10-11 01:51:29,user536@example.com,User 536,Rwanda,Female,High School,Presec Legon,1975-09-07,49
537,2024-05-24 01:51:29,user537@example.com,User 537,Kenya,Female,High School,Adisadel College,1982-06-22,42
538,2024-05-21 01:51:29,user538@example.com,User 538,Kenya,Female,Master,St. James Seminary,1960-02-25,64
539,2024-05-26 01:51:29,user539@example.com,User 539,Nigeria,Male,PhD,Achimota School,2003-09-11,21
540,2024-06-03 01:51:29,user540@example.com,User 540,Rwanda,Female,PhD,Mfantsipim School,1954-10-25,69
541,2024-01-16 01:51:29,user541@example.com,User 541,Ghana,Male,Master,St. Augustine's College,2006-04-24,18
542,2024-06-14 01:51:29,user542@example.com,User 542,Ghana,Male,PhD,Prempeh College,1998-12-24,25
543,2024-05-18 01:51:29,user543@example.com,User 543,Nigeria,Male,Bachelor,St. Augustine's College,1996-02-29,28
544,2024-08-31 01:51:29,user544@example.com,User 544,Tanzania,Female,Bachelor,Wesley Girls High School,1991-03-07,33
545,2024-04-08 01:51:29,user545@example.com,User 545,South Africa,Female,PhD,Adisadel College,1981-03-04,43
546,2024-04-03 01:51:29,user546@example.com,User 546,South Africa,Female,Bachelor,St. Augustine's College,2002-02-24,22
547,2024-04-13 01:51:29,user547@example.com,User 547,Uganda,Female,Master,Presec Legon,1984-12-25,39
548,2023-11-07 01:51:29,user548@example.com,User 548,South Africa,Male,Master,Achimota School,1955-06-13,69
549,2024-08-29 01:51:29,user549@example.com,User 549,Tanzania,Female,High School,Achimota School,1966-04-03,58
550,2024-05-22 01:51:29,user550@example.com,User 550,Nigeria,Male,Bachelor,Opoku Ware School,1996-06-11,28
551,2023-12-03 01:51:29,user551@example.com,User 551,South Africa,Female,Master,Achimota School,1964-08-01,60
552,2024-05-05 01:51:29,user552@example.com,User 552,Rwanda,Male,PhD,Adisadel College,1983-04-26,41
553,2024-01-03 01:51:29,user553@example.com,User 553,Kenya,Male,Bachelor,Opoku Ware School,1987-03-27,37
554,2024-04-09 01:51:29,user554@example.com,User 554,Uganda,Female,PhD,Holy Child School,1991-12-13,32
555,2023-10-11 01:51:29,user555@example.com,User 555,Ethiopia,Male,Bachelor,Achimota School,1989-08-20,35
556,2024-08-28 01:51:29,user556@example.com,User 556,Ethiopia,Male,PhD,Achimota School,1992-09-12,32
557,2024-09-06 01:51:29,user557@example.com,User 557,Tanzania,Female,High School,Opoku Ware School,1961-03-02,63
558,2024-09-13 01:51:29,user558@example.com,User 558,South Africa,Male,PhD,Achimota School,1995-01-17,29
559,2024-06-02 01:51:29,user559@example.com,User 559,Uganda,Male,PhD,Mfantsipim School,1989-06-03,35
560,2023-12-26 01:51:29,user560@example.com,User 560,Kenya,Male,PhD,Presec Legon,1986-03-27,38
561,2024-01-22 01:51:29,user561@example.com,User 561,Kenya,Female,Bachelor,Wesley Girls High School,2004-09-05,20
562,2024-08-29 01:51:29,user562@example.com,User 562,Ethiopia,Female,Bachelor,St. Augustine's College,1982-07-22,42
563,2023-12-25 01:51:29,user563@example.com,User 563,Nigeria,Male,Bachelor,Prempeh College,1957-08-06,67
564,2023-12-19 01:51:29,user564@example.com,User 564,South Africa,Female,PhD,Adisadel College,1989-03-18,35
565,2024-07-19 01:51:29,user565@example.com,User 565,Ethiopia,Female,High School,Mfantsipim School,1982-08-11,42
566,2024-01-23 01:51:29,user566@example.com,User 566,Nigeria,Male,Bachelor,Adisadel College,1968-11-23,55
567,2024-08-22 01:51:29,user567@example.com,User 567,Rwanda,Female,Master,Holy Child School,1965-08-14,59
568,2024-06-27 01:51:29,user568@example.com,User 568,Nigeria,Female,Bachelor,Prempeh College,1989-04-27,35
569,2024-01-29 01:51:29,user569@example.com,User 569,South Africa,Female,PhD,Adisadel College,1959-09-21,65
570,2024-09-25 01:51:29,user570@example.com,User 570,Rwanda,Male,PhD,Holy Child School,1958-05-28,66
571,2024-07-24 01:51:29,user571@example.com,User 571,Nigeria,Female,Master,St. Augustine's College,1974-04-03,50
572,2023-11-16 01:51:29,user572@example.com,User 572,Tanzania,Male,High School,Prempeh College,2006-02-17,18
573,2023-11-21 01:51:29,user573@example.com,User 573,South Africa,Female,High School,Adisadel College,1956-02-13,68
574,2023-10-28 01:51:29,user574@example.com,User 574,South Africa,Female,High School,Achimota School,1985-11-13,38
575,2024-04-08 01:51:29,user575@example.com,User 575,South Africa,Female,Bachelor,St. Augustine's College,1998-12-14,25
576,2023-10-13 01:51:29,user576@example.com,User 576,Ethiopia,Male,High School,St. Augustine's College,1984-07-26,40
577,2024-05-10 01:51:29,user577@example.com,User 577,Ethiopia,Female,Bachelor,Opoku Ware School,1994-11-16,29
578,2024-01-30 01:51:29,user578@example.com,User 578,Ethiopia,Male,Master,St. Augustine's College,1955-12-08,68
579,2024-08-03 01:51:29,user579@example.com,User 579,Tanzania,Female,Bachelor,St. James Seminary,1963-10-14,60
580,2024-07-05 01:51:29,user580@example.com,User 580,Kenya,Female,Bachelor,St. Augustine's College,1992-04-01,32
581,2024-02-13 01:51:29,user581@example.com,User 581,Ghana,Female,PhD,Opoku Ware School,1980-02-03,44
582,2024-08-07 01:51:29,user582@example.com,User 582,South Africa,Female,High School,Achimota School,1981-02-26,43
583,2024-06-10 01:51:29,user583@example.com,User 583,Kenya,Female,Master,Opoku Ware School,1999-09-02,25
584,2024-03-07 01:51:29,user584@example.com,User 584,Kenya,Male,Master,Prempeh College,2004-02-20,20
585,2023-10-08 01:51:29,user585@example.com,User 585,South Africa,Male,Bachelor,Holy Child School,2002-10-20,21
586,2024-07-19 01:51:29,user586@example.com,User 586,Ghana,Female,PhD,Opoku Ware School,1964-01-18,60
587,2023-12-06 01:51:29,user587@example.com,User 587,Tanzania,Male,High School,Achimota School,1979-04-11,45
588,2024-02-11 01:51:29,user588@example.com,User 588,Kenya,Female,Master,Achimota School,1973-04-21,51
589,2024-08-14 01:51:29,user589@example.com,User 589,Uganda,Male,PhD,Wesley Girls High School,1955-07-24,69
590,2024-06-30 01:51:29,user590@example.com,User 590,Ethiopia,Female,Master,Mfantsipim School,2002-04-13,22
591,2024-07-29 01:51:29,user591@example.com,User 591,Kenya,Male,Bachelor,Prempeh College,1990-05-10,34
592,2024-04-05 01:51:29,user592@example.com,User 592,Rwanda,Male,High School,St. Augustine's College,1961-11-28,62
593,2024-06-06 01:51:29,user593@example.com,User 593,Ethiopia,Male,Master,Presec Legon,1960-08-16,64
594,2024-06-08 01:51:29,user594@example.com,User 594,Ethiopia,Female,Master,Adisadel College,1960-09-20,64
595,2023-11-08 01:51:29,user595@example.com,User 595,Tanzania,Female,PhD,Opoku Ware School,1955-01-05,69
596,2024-08-28 01:51:29,user596@example.com,User 596,Uganda,Female,Bachelor,Presec Legon,1990-05-17,34
597,2024-04-10 01:51:29,user597@example.com,User 597,Tanzania,Female,Master,Achimota School,1997-11-14,26
598,2024-03-12 01:51:29,user598@example.com,User 598,South Africa,Female,Master,Holy Child School,1967-03-11,57
599,2024-08-11 01:51:29,user599@example.com,User 599,South Africa,Female,Bachelor,Adisadel College,1966-04-23,58
600,2023-10-07 01:51:29,user600@example.com,User 600,Tanzania,Female,High School,Achimota School,2002-03-11,22
